,1J5E,,,2AVY,
U5, ,---,U5, ,---
G6, ,---,G6, ,---
G7, ,---,A7, ,---
A8, ,---,A8, ,---
G9,cWW ,C25,G9,cWW ,C25
A10,cWW ,U24,A10,cWW ,U24
A10,cSS ,C507,A10,cSS ,C507
G11,cWW ,C23,G11,cWW ,C23
U12,cWW ,G22,U12,cWW ,G22
U13,tHW ,U20,U13,ntHW,U20
U13,cWH ,A915,U13,cWH ,A915
U14, ,---,U14, ,---
G15,cWW ,U920,G15,cWW ,U920
A16,cSS ,A1080,A16,cSS ,A1080
U17,cWW ,A918,U17,cWW ,A918
U17,cSS ,G1079,U17,cSS ,G1079
C18,cSS ,A864,C18,ncSS,A864
C18,cWW ,G917,C18,cWW ,G917
C19,tSS ,A572,A19,tSS ,A572
C19,cWW ,G916,A19,cWW ,U916
U20,tWH ,U13,U20,ntWH,U13
G21,tSH ,A914,G21,tSH ,A914
G22,cWW ,U12,G22,cWW ,U12
G22,tSS ,A913,G22,tSS ,A913
C23,cWW ,G11,C23,cWW ,G11
U24,cWW ,A10,U24,cWW ,A10
C25,cWW ,G9,C25,cWW ,G9
A26,tHS ,G558,A26,tHS ,G558
G27,cWW ,C556,G27,cWW ,C556
G28,cWW ,C555,A28,cWW ,U555
G29,cWW ,C554,U29,cWW ,A554
U30,cWW ,A553,U30,cWW ,A553
G31, ,---,G31, ,---
A32,cWW ,U552,A32,cWW ,U552
A33,cWW ,U551,A33,cWW ,U551
C34,cWW ,G550,C34,cWW ,G550
G35,cWW ,C549,G35,cWW ,C549
C36,cWW ,G548,C36,cWW ,G548
U37,tWW ,A397,U37,tWW ,A397
G38, ,---,G38, ,---
G39,cWW ,C403,G39,cWW ,C403
C40,cWW ,G402,C40,cWW ,G402
G41,cWW ,C401,G41,cWW ,C401
G42,cWW ,C400,G42,cWW ,C400
G42,tSS ,A622,G42,tSS ,A622
C43,cWW ,G399,C43,cWW ,G399
G44,cWW ,C398,A44,cWW ,U398
U45,cWW ,G396,G45,cWW ,C396
G46,cWW ,C395,G46,cWW ,C395
C47,cWW ,G361,C47,cWW ,G361
C48, ,---,C48, ,---
U49,cWS ,G362,U49,cWS ,G362
U49,tHW ,U365,U49,tHW ,U365
A50,ntSS,A360,A50,tSS ,G360
A51,cHS ,U114,A51,ncHS,U114
A51,cWS ,C314,A51,cWS ,C314
G52,cWW ,U359,C52,cWW ,G359
A53,cWW ,U358,A53,cWW ,U358
C54,cWW ,G357,C54,cWW ,G357
A55,tHS ,G357,A55,tHS ,G357
A55,tWW ,U368,A55,tWW ,U368
U56,cWW ,A356,U56,cWW ,A356
G57,cWW ,C355,G57,cWW ,C355
C58,cWW ,G354,C58,cWW ,G354
A59, ,---,A59, ,---
A60,tSS ,G107,A60,ntSS,G107
G61,cWW ,C106,G61,cWW ,C106
U62,cWW ,G105,U62,cWW ,G105
C63,cWW ,G104,C63,cWW ,G104
G64,cWH ,G68,G64,cWH ,G68
U65, ,---,---, ,---
---, ,---,A65, ,---
G66,cWW ,C103,A66,cWW ,U103
G66,ncSS,A172,A66,cSS ,A172
C67,cWW ,G102,C67,cWW ,G102
C67,cSS ,A171,C67,cSS ,A171
G68,cHW ,G64,G68,cHW ,G64
G68,cWW ,A101,G68,cWW ,A101
G68,tSS ,A152,G68,tSS ,A152
---, ,---,G69,cWW ,C99
---, ,---,G69,tSH ,G100
---, ,---,U70,cWW ,A98
---, ,---,A71, ,---
---, ,---,A72, ,---
---, ,---,C73,tWH ,G94
---, ,---,C73,cWW ,G97
G69,cWW ,C99,A74,cWW ,U96
G70,cWW ,U98,G75,cWW ,C95
C73,cWW ,G97,G76, ,---
C73, ,---,G76,cWW ,U93
C74,cWW ,G96,---, ,---
G75,cWW ,U95,A77,cWW ,U92
C76,cWW ,G93,A78,cWW ,U91
G77,cWW ,C92,G79,cWW ,C90
G78,cWW ,C91,A80,cWW ,U89
G79,cWW ,U90,---, ,U88
---, ,U90,A81,cWW ,U88
G80,cWW ,C89,G82,cWW ,C87
U81, ,---,C83,cWW ,G86
U82, ,---,---, ,---
U83, ,---,---, ,---
U84, ,---,---, ,---
A88, ,---,---, ,---
---, ,---,U84, ,---
---, ,---,U85, ,---
---, ,U81,G86,cWW ,C83
C89,cWW ,G80,C87,cWW ,G82
U90,cWW ,G79,U88, ,---
U90, ,---,U88,cWW ,A81
C91,cWW ,G78,U89,cWW ,A80
C92,cWW ,G77,C90,cWW ,G79
G93,cWW ,C76,U91,cWW ,A78
U95,cWW ,G75,U92,cWW ,A77
G96,cWW ,C74,---, ,---
G97,cWW ,C73,---, ,G76
---, ,C73,U93,cWW ,G76
---, ,---,G94,tHW ,C73
---, ,---,G94,cWH ,G97
U98,cWW ,G70,C95,cWW ,G75
C99,cWW ,G69,U96,cWW ,A74
---, ,---,G97,cWW ,C73
---, ,---,G97,cHW ,G94
---, ,---,A98,cWW ,U70
---, ,---,C99,cWW ,G69
---, ,---,G100,tHS ,G69
A101,cWW ,G68,A101,cWW ,G68
G102,cWW ,C67,G102,cWW ,C67
G102,cSS ,A151,G102,cSS ,A151
C103,cWW ,G66,U103,cWW ,A66
C103,tSS ,A171,U103,ntSS,A171
C103,tSS ,A172,U103,ntSS,A172
G104,cWW ,C63,G104,cWW ,C63
G105,cWW ,U62,G105,cWW ,U62
C106,cWW ,G61,C106,cWW ,G61
G107,tSS ,A60,G107,ntSS,A60
G108, ,---,G108, ,---
A109,tHS ,G324,A109,tHS ,G324
C110,cSS ,G377,C110,ncSS,G377
G111,bif ,G331,G111,bif ,G331
G112,cWW ,A315,G112,cWW ,A315
G113,cWW ,C314,G113,cWW ,C314
G113,cSS ,A353,G113, ,---
U114,cSH ,A51,U114,ncSH,A51
U114,cWW ,A313,U114,cWW ,A313
G115,cWW ,C312,G115,cWW ,C312
A116, ,---,A116, ,---
G117, ,---,G117, ,---
U118, ,---,U118, ,---
A119,tHW ,U287,A119,tHW ,U287
A120, ,---,A120, ,---
C121, ,---,---, ,---
---, ,---,U121, ,---
G122,cWW ,U239,G122,cWW ,U239
C123,cWW ,G238,U123,cWW ,A238
G124,cWW ,C237,C124,cWW ,G237
U125,cWW ,G236,U125,cWW ,A236
G126,cWW ,C235,G126,cWW ,C235
G127,cWW ,C234,G127,cWW ,C234
G128,cWW ,C233,G128,cWW ,C233
U129,cWW ,G232,A129,cWW ,G232
G129A, ,---,---, ,---
A130,cSS ,A263,A130,cSS ,A263
C131,cWW ,G231,A131,cWW ,U231
C131,cSS ,A262,A131,cSS ,A262
C132,cWW ,G230,C132,cWW ,G230
U133,cWW ,U229,U133,cWW ,U229
A134, ,---,G134, ,---
C135, ,---,C135, ,---
C136,cWW ,G227,C136,cWW ,G227
C137,cWW ,G226,U137,cWW ,G226
G138,cWW ,C225,G138,cWW ,C225
G139,cWW ,C224,A139,cWW ,U224
A140,cWW ,U223,U140,cWW ,A223
A141,cWW ,U222,G141,cWW ,C222
G142,tSS ,A196,G142,tSS ,A196
G142,cWW ,C221,G142,cWW ,C221
A143,cWW ,G220,A143,cWW ,G220
G144,cWW ,C178,G144,cWW ,C178
G145,cWW ,C177,G145, ,---
G146,cWW ,C176,G146,cWW ,C176
G147,cWW ,C175,G147,cWW ,C175
G148,cWW ,C174,G148,cWW ,A174
G148, ,---,G148,cSS ,A1446
A149,tWH ,A172,A149,tWH ,A172
C150,tWH ,A171,U150,tWH ,A171
A151,cSS ,G102,A151,cSS ,G102
A151,tHW ,U170,A151,tHW ,U170
A152,tSS ,G68,A152,tSS ,G68
A152,tHW ,C169,A152,tHW ,C169
C153,cWW ,G168,C153,cWW ,G168
C154,cWW ,G167,U154,cWW ,A167
C155,cWW ,G166,A155,cWW ,U166
G156,cWW ,C165,C156,cWW ,G165
G157,cWW ,U164,U157,cWW ,G164
G158,cWW ,C163,G158,cWW ,C163
G159,tSH ,A162,G159,tSH ,A162
A160,tWS ,G347,A160,tWS ,G347
A161, ,---,A161, ,---
A162,tHS ,G159,A162,tHS ,G159
C163,cWW ,G158,C163,cWW ,G158
U164,cWW ,G157,G164,cWW ,U157
C165,cWW ,G156,G165,cWW ,C156
G166,cWW ,C155,U166,cWW ,A155
G167,cWW ,C154,A167,cWW ,U154
G168,cWW ,C153,G168,cWW ,C153
C169,tWH ,A152,C169,tWH ,A152
U170,tWH ,A151,U170,tWH ,A151
A171,cSS ,C67,A171,cSS ,C67
A171,tSS ,C103,A171,ntSS,U103
A171,tHW ,C150,A171,tHW ,U150
A172,tSS ,C103,A172,ntSS,U103
A172,tHW ,A149,A172,tHW ,A149
A172,ncSS,G66,A172,cSS ,A66
U173, ,---,U173, ,---
C174,cWW ,G148,A174,cWW ,G148
C175,cWW ,G147,C175,cWW ,G147
C175, ,---,C175,tSS ,A1447
C176,cWW ,G146,C176,cWW ,G146
C177,cWW ,G145,---, ,G145
---, ,---,G177, ,---
C178,cWW ,G144,C178,cWW ,G144
A179,tWH ,A196,A179,tWH ,A196
U180,tWH ,A195,U180,tWH ,A195
G181,cSH ,U182,A181, ,---
U182,cHS ,G181,---, ,A181
G183,cWW ,C194,---, ,C194
---, ,---,A182, ,---
---, ,---,C183, ,---
G184,cWW ,C193,G184,cWW ,C193
A185,cWW ,U192,U185,cWW ,A192
C186,cWW ,G191,C186,cWW ,G191
C187,cWW ,U190L,G187, ,---
C187, ,---,G187,tSH ,A190
C188,cWW ,G190K,---, ,---
G189,cWW ,U190J,---, ,---
C190,cWW ,G190I,---, ,---
C190A,cWW ,G190H,---, ,---
C190B,cWW ,G190G,---, ,---
C190C, ,---,---, ,---
U190D, ,---,---, ,---
U190E, ,---,---, ,---
G190F, ,---,---, ,---
G190G,cWW ,C190B,---, ,---
G190H,cWW ,C190A,---, ,---
G190I,cWW ,C190,---, ,---
U190J,cWW ,G189,---, ,---
G190K,cWW ,C188,---, ,---
U190L,cWW ,C187,---, ,G187
---, ,---,C188, ,---
---, ,---,A189, ,---
---, ,C187,A190,tHS ,G187
G191,cWW ,C186,G191,cWW ,C186
U192,cWW ,A185,A192,cWW ,U185
C193,cWW ,G184,C193,cWW ,G184
C194,cWW ,G183,C194, ,---
A195,tHW ,U180,A195,tHW ,U180
A195,cSS ,U222,A195,ncSS,C222
A196,tSS ,G142,A196,tSS ,G142
A196,tHW ,A179,A196,tHW ,A179
A196,cSS ,C221,A196,cSS ,C221
A196,ncSS,U222,A196,cSS ,C222
A197,ntSS,G220,A197,tSS ,G220
G198,cWW ,C219,G198,cWW ,U219
G199,cWW ,C218,A199,cWW ,U218
G200,cWW ,C217,G200,cWW ,C217
C201,cWW ,G216,G201,cWW ,U216
C201, ,---,G201,cSS ,C469
U202, ,---,---, ,---
U203, ,---,---, ,---
U204, ,---,---, ,---
---, ,---,G202,cWW ,C215
---, ,---,G203,cWW ,C214
---, ,---,G204, ,---
---, ,---,A205, ,---
---, ,---,C206,cWW ,G213
---, ,---,C207,cWW ,G212
---, ,---,U208,tSW ,G211
---, ,---,U209, ,---
---, ,---,C210, ,---
---, ,---,G211,tWS ,U208
---, ,---,G212,cWW ,C207
---, ,---,G213,cWW ,C206
---, ,---,C214,cWW ,G203
---, ,---,C215,cWW ,G202
G216,cWW ,C201,U216,cWW ,G201
C217,cWW ,G200,C217,cWW ,G200
C218,cWW ,G199,U218,cWW ,A199
C219,cWW ,G198,U219,cWW ,G198
G220,cWW ,A143,G220,cWW ,A143
G220,ntSS,A197,G220,tSS ,A197
C221,cWW ,G142,C221,cWW ,G142
C221,cSS ,A196,C221,cSS ,A196
U222,cWW ,A141,C222,cWW ,G141
U222,cSS ,A195,C222,ncSS,A195
U222,ncSS,A196,C222,cSS ,A196
U223,cWW ,A140,A223,cWW ,U140
C224,cWW ,G139,U224,cWW ,A139
C225,cWW ,G138,C225,cWW ,G138
G226,cWW ,C137,G226,cWW ,U137
G227,cWW ,C136,G227,cWW ,C136
A228, ,---,A228, ,---
U229,cWW ,U133,U229,cWW ,U133
G230,cWW ,C132,G230,cWW ,C132
G231,cWW ,C131,U231,cWW ,A131
G232,cWW ,U129,G232,cWW ,A129
G232,tSS ,A263,G232,tSS ,A263
C233,cWW ,G128,C233,cWW ,G128
C234,cWW ,G127,C234,cWW ,G127
C235,cWW ,G126,C235,cWW ,G126
G236,cWW ,U125,A236,cWW ,U125
C237,cWW ,G124,G237,cWW ,C124
G238,cWW ,C123,A238,cWW ,U123
U239,cWW ,G122,U239,cWW ,G122
C240,cWW ,G286,G240,cWW ,C286
C241,cWW ,G285,G241,cWW ,C285
C242,cWW ,G284,G242,cWW ,C284
A243,tWH ,A282,A243,tWH ,A282
U244,cWW ,C893,U244,cWW ,C893
C245,cWW ,C283,U245,cWW ,U283
A246,tSS ,G278,A246,tSS ,G278
A246,tHS ,G281,A246,tHS ,G281
G247,cWW ,C277,G247,cWW ,C277
G247,ntSS,A282,G247,tSS ,A282
C248,cWW ,G276,C248,cWW ,G276
U249,cWW ,G275,U249,cWW ,G275
A250, ,---,---, ,---
G251,cWH ,G254,---, ,G254
G251,tHW ,C272,---, ,C272
---, ,---,A250, ,---
---, ,---,G251, ,---
U252,cWW ,A274,U252,cWW ,A274
U253,cWW ,A273,A253,cWW ,U273
G254,cHW ,G251,G254, ,---
G254,cWW ,C272,G254,cWW ,C272
G255,cWW ,C271,G255,cWW ,C271
U256,cWW ,A270,U256,cWW ,A270
G257,cWW ,C269,G257,cWW ,C269
G258,cWW ,C268,G258,cWW ,U268
G259,cWW ,C267,G259,cWW ,C267
G260, ,---,G260, ,---
U261, ,---,U261, ,---
A262,cSS ,C131,A262,cSS ,A131
A263,cSS ,A130,A263,cSS ,A130
A263,tSS ,G232,A263,tSS ,G232
U264, ,---,C264, ,---
G265, ,---,G265, ,---
G266, ,---,---, ,---
---, ,---,G266, ,---
C267,cWW ,G259,C267,cWW ,G259
C268,cWW ,G258,U268,cWW ,G258
C269,cWW ,G257,C269,cWW ,G257
A270,cWW ,U256,A270,cWW ,U256
C271,cWW ,G255,C271,cWW ,G255
C272,tWH ,G251,C272, ,---
C272,cWW ,G254,C272,cWW ,G254
A273,cWW ,U253,U273,cWW ,A253
A274,cWW ,U252,A274,cWW ,U252
G275,cWW ,U249,G275,cWW ,U249
G276,cWW ,C248,G276,cWW ,C248
C277,cWW ,G247,C277,cWW ,G247
C277,cSS ,A282,C277,cSS ,A282
G278,tSS ,A246,G278,tSS ,A246
A279, ,---,A279, ,---
C280, ,---,C280, ,---
G281,tSH ,A246,G281,tSH ,A246
A282,tHW ,A243,A282,tHW ,A243
A282,cSS ,C277,A282,cSS ,C277
A282,ntSS,G247,A282,tSS ,G247
C283,cWW ,C245,U283,cWW ,U245
G284,cWW ,C242,C284,cWW ,G242
G285,cWW ,C241,C285,cWW ,G241
G286,cWW ,C240,C286,cWW ,G240
U287,tWH ,A119,U287,tWH ,A119
A288, ,---,A288, ,---
G289,cWW ,C311,G289,cWW ,C311
C290,cWW ,G310,C290,cWW ,G310
C291,cWW ,G309,U291,cWW ,A309
G292,cWW ,C308,G292,cWW ,C308
G292,tSW ,A608,G292,tSW ,A608
G293,cWW ,U304,G293,cWW ,U304
U294,cWW ,A303,U294,cWW ,A303
C295,cWW ,G302,C295,cWW ,G302
U296,cWW ,G301,U296,cWW ,G301
G297,tSH ,A300,G297,tSH ,A300
A298, ,---,A298, ,---
G299,cWH ,G566,G299,cWH ,G566
A300,tHS ,G297,A300,tHS ,G297
A300,cSW ,U565,A300,cSW ,U565
G301,cWW ,U296,G301,cWW ,U296
G302,cWW ,C295,G302,cWW ,C295
A303,cWW ,U294,A303,cWW ,U294
U304,cWW ,G293,U304,cWW ,G293
G305, ,---,G305, ,---
G306, ,---,A306, ,---
C307, ,---,C307, ,---
C308,cWW ,G292,C308,cWW ,G292
G309,cWW ,C291,A309,cWW ,U291
G309,cSW ,A607,A309,cSW ,A607
G310,cWW ,C290,G310,cWW ,C290
C311,cWW ,G289,C311,cWW ,G289
C312,cWW ,G115,C312,cWW ,G115
A313,cWW ,U114,A313,cWW ,U114
C314,cSW ,A51,C314,cSW ,A51
C314,cWW ,G113,C314,cWW ,G113
A315,cWW ,G112,A315,cWW ,G112
G316,cWW ,C337,C316,cWW ,G337
G317,cWW ,C336,U317,cWW ,A336
G318,cWW ,C335,G318,cWW ,C335
G319,cWW ,C334,G319,cWW ,C334
G319,tSS ,A1434,G319,---- ,A1434
C320,cWW ,G333,A320,cWW ,U333
A321,cWW ,G332,A321,cWW ,G332
C322,tWH ,A329,C322,tWH ,A329
U323,tWH ,A327,U323,tWH ,A327
G324,tSH ,A109,G324,tSH ,A109
A325, ,---,A325, ,---
G326, ,---,G326, ,---
A327,tHW ,U323,A327,tHW ,U323
C328, ,---,C328, ,---
A329,tHW ,C322,A329,tHW ,C322
C330, ,---,C330, ,---
G331,bif ,G111,G331,bif ,G111
G332,cWW ,A321,G332,cWW ,A321
G333,cWW ,C320,U333,cWW ,A320
C334,cWW ,G319,C334,cWW ,G319
C334,cSS ,A1434,C334,ncSS,A1434
C335,cWW ,G318,C335,cWW ,G318
C335,cSS ,A1433,C335,ncSS,A1433
C336,cWW ,G317,A336,cWW ,U317
C337,cWW ,G316,G337,cWW ,C316
A338,cWW ,G351,A338,cWW ,G351
C339,cWW ,G350,C339,cWW ,G350
U340,cWW ,A349,U340,cWW ,A349
C341,cWW ,G348,C341,cWW ,G348
C342,cWW ,G347,C342,cWW ,G347
U343,tSW ,G346,U343,tSW ,G346
A344, ,---,A344, ,---
C345, ,---,C345, ,---
G346,tWS ,U343,G346,tWS ,U343
G347,tSW ,A160,G347,tSW ,A160
G347,cWW ,C342,G347,cWW ,C342
G348,cWW ,C341,G348,cWW ,C341
A349,cWW ,U340,A349,cWW ,U340
G350,cWW ,C339,G350,cWW ,C339
G351,cWW ,A338,G351,cWW ,A338
C352, ,---,C352, ,---
A353,cSS ,G113,---, ,G113
---, ,---,A353, ,---
G354,cWW ,C58,G354,cWW ,C58
C355,cWW ,G57,C355,cWW ,G57
A356,cWW ,U56,A356,cWW ,U56
A356,cSS ,U368,A356,cSS ,U368
G357,cWW ,C54,G357,cWW ,C54
G357,tSH ,A55,G357,tSH ,A55
U358,cWW ,A53,U358,cWW ,A53
U359,cWW ,G52,G359,cWW ,C52
A360,ntSS,A50,G360,tSS ,A50
G361,cWW ,C47,G361,cWW ,C47
G362,cSW ,U49,G362,cSW ,U49
A363, ,---,A363, ,---
A364, ,---,A364, ,---
U365,tWH ,U49,U365,tWH ,U49
C366,cSW ,G394,A366,cSW ,G394
U367,cWW ,A393,U367,cWW ,A393
U368,tWW ,A55,U368,tWW ,A55
U368,cSS ,A356,U368,cSS ,A356
C369,cWW ,G392,G369,cWW ,C392
C370,cWW ,G391,C370,cWW ,G391
C370,cSS ,A482,C370,cSS ,A482
G371,cWW ,C390,A371,cWW ,U390
C372,tWH ,A389,C372,ntWH,A389
A373, ,---,A373, ,---
A374,cWS ,C390,A374,cWS ,U390
U375,cWW ,A389,U375,cWW ,A389
G376,cWW ,U387,G376,cWW ,U387
G377,cSS ,C110,G377,ncSS,C110
G377,cWW ,C386,G377,cWW ,C386
G378,cWW ,C385,G378,cWW ,C385
C379,cWW ,G384,C379,cWW ,G384
G380,ntSH,A383,G380,tSH ,A383
C381, ,---,---, ,---
---, ,---,C381, ,---
A382, ,---,A382, ,---
A383,ntHS,G380,A383,tHS ,G380
G384,cWW ,C379,G384,cWW ,C379
C385,cWW ,G378,C385,cWW ,G378
C386,cWW ,G377,C386,cWW ,G377
U387,cWW ,G376,U387,cWW ,G376
G388, ,---,G388, ,---
A389,tHW ,C372,A389,ntHW,C372
A389,cWW ,U375,A389,cWW ,U375
C390,cWW ,G371,U390,cWW ,A371
C390,cSW ,A374,U390,cSW ,A374
G391,cWW ,C370,G391,cWW ,C370
G391,ntSS,A482,G391,tSS ,A482
G392,cWW ,C369,C392,cWW ,G369
A393,cWW ,U367,A393,cWW ,U367
G394,cWS ,C366,G394,cWS ,A366
C395,cWW ,G46,C395,cWW ,G46
G396,cWW ,U45,C396,cWW ,G45
A397,tWW ,U37,A397,tWW ,U37
C398,cWW ,G44,U398,cWW ,A44
G399,cWW ,C43,G399,cWW ,C43
C400,cWW ,G42,C400,cWW ,G42
C400,cSS ,A622,C400,cSS ,A622
C401,cWW ,G41,C401,cWW ,G41
C401,cSS ,A621,C401,cSS ,A621
G402,cWW ,C40,G402,cWW ,C40
C403,cWW ,G39,C403,cWW ,G39
U404,cWH ,U498,G404, ,---
U405,cWH ,A499,U405,cWH ,A499
G406,cWW ,C436,G406,cWW ,C436
G407,cWW ,C435,U407,cWW ,A435
A408,cWW ,U434,A408,cWW ,U434
G409,cWW ,C433,U409,cWW ,G433
G410,tSH ,A432,G410,tSH ,A432
A411,tWH ,A430,A411,tWH ,A430
A412, ,---,---, ,---
---, ,---,A412, ,---
G413,tSS ,G428,G413,ntSS,G428
A414,tHW ,A430,A414,tHW ,A430
A415,tHH ,G428,---, ,G428
---, ,---,A415, ,---
G416,cWW ,U427,G416,cWW ,U427
C417,cWW ,G426,G417,cWW ,U426
C418,cWW ,G425,C418,cWW ,G425
C419,cWW ,G424,C419,cWW ,G424
U420,tSW ,G423,U420,tSW ,G423
U421, ,---,U421, ,---
C422, ,---,C422, ,---
G423,tWS ,U420,G423,tWS ,U420
G424,cWW ,C419,G424,cWW ,C419
G425,cWW ,C418,G425,cWW ,C418
G426,cWW ,C417,U426,cWW ,G417
U427,cWW ,G416,U427,cWW ,G416
G428,tSS ,G413,G428,ntSS,G413
G428,tHH ,A415,G428, ,---
U429,cWH ,A431,U429,cWH ,A431
A430,tHW ,A411,A430,tHW ,A411
A430,tWH ,A414,A430,tWH ,A414
A431,cHW ,U429,A431,cHW ,U429
A432,tHS ,G410,A432,tHS ,G410
C433,cWW ,G409,G433,cWW ,U409
U434,cWW ,A408,U434,cWW ,A408
C435,cWW ,G407,A435,cWW ,U407
C436,cWW ,G406,C436,cWW ,G406
U437,tWH ,A496,U437,tWH ,A495
G438,tSH ,A497,U438,tWH ,A496
A439,tHW ,U495,---, ,G494
A440,tHS ,G494,---, ,---
---, ,---,U439, ,---
---, ,---,C440,cWW ,G497
---, ,---,A441, ,---
C442,cWW ,G492,G442,cWW ,C492
C443,cWW ,G491,C443,cWW ,G491
C444,cWW ,G490,G444,cWW ,C490
G445,cWW ,C489,G445,cWW ,C489
G446,cWW ,C488,G446,cWW ,C488
G447,tSH ,A487,G447,tSH ,A487
A448,tHW ,U486,A448,tHW ,U486
C449,ntHH,G484,G449,tWW ,G484
G450,cWW ,C483,G450,cWW ,C483
A451, ,---,A451, ,---
A452,tHW ,U480,A452,tHW ,U480
A453,tHW ,C479,---, ,U479
C454, ,---,---, ,---
---, ,---,G453, ,---
---, ,A478,G454,cWW ,A478
---, ,C479,G454,cWW ,U479
C455,cWW ,G477,G455,cWW ,C477
C456,cWW ,G476,A456,cWW ,U476
C457,cWW ,G475,G457,cWW ,C475
C458,cWW ,G474,U458,cWW ,G474
G459,tSH ,A463,A459, ,---
G459, ,---,A459,cWW ,U472
A460, ,---,---, ,---
C461, ,---,---, ,---
G462, ,---,---, ,---
A463,tHS ,G459,---, ,A459
---, ,---,A460,cWW ,U471
---, ,---,A461, ,---
---, ,---,G462,cWW ,C470
---, ,---,U463, ,---
---, ,---,U464, ,---
---, ,---,A465, ,---
---, ,---,A466, ,---
---, ,---,U467, ,---
---, ,---,A468, ,---
---, ,C201,C469,cSS ,G201
---, ,---,C470,cWW ,G462
---, ,---,U471,cWW ,A460
---, ,G459,U472,cWW ,A459
---, ,---,U473, ,---
G474,cWW ,C458,G474,cWW ,U458
G475,cWW ,C457,C475,cWW ,G457
G476,cWW ,C456,U476,cWW ,A456
G477,cWW ,C455,C477,cWW ,G455
A478, ,---,A478,cWW ,G454
C479,tWH ,A453,U479, ,---
C479, ,---,U479,cWW ,G454
U480,tWH ,A452,U480,tWH ,A452
G481, ,---,G481, ,---
A482,cSS ,C370,A482,cSS ,C370
A482,ntSS,G391,A482,tSS ,G391
C483,cWW ,G450,C483,cWW ,G450
G484,ntHH,C449,G484,tWW ,G449
G485,cSH ,U486,---, ,U486
---, ,---,U485, ,---
U486,tWH ,A448,U486,tWH ,A448
U486,cHS ,G485,U486, ,---
A487,tHS ,G447,A487,tHS ,G447
C488,cWW ,G446,C488,cWW ,G446
C489,cWW ,G445,C489,cWW ,G445
G490,cWW ,C444,C490,cWW ,G444
G491,cWW ,C443,G491,cWW ,C443
G492,cWW ,C442,C492,cWW ,G442
G494,tSH ,A440,---, ,---
---, ,---,A493, ,---
U495,tWH ,A439,G494, ,---
A496,tHW ,U437,A495,tHW ,U437
A497,tHS ,G438,A496,tHW ,U438
U498,cHW ,U404,---, ,G404
U498,tWH ,A547,---, ,A547
---, ,---,G497,cWW ,C440
---, ,---,A498, ,---
A499,cHW ,U405,A499,cHW ,U405
G500,cWW ,C545,G500,cWW ,C545
C501,cWW ,G544,C501,cWW ,G544
G502,cWW ,C543,A502,cWW ,U543
C503,tSS ,A510,C503,ntSS,A510
C503,cWW ,G542,C503,cWW ,G542
C504,cWW ,G541,C504,cWW ,G541
G505,cWW ,C526,G505,cWW ,C526
G506,cWW ,C525,G506,cWW ,C525
C507,cSS ,A10,C507,cSS ,A10
C507,cWW ,G524,C507,cWW ,G524
C508,cSH ,A509,U508,ncSH,A509
A509,cHS ,C508,A509,ncHS,U508
A509,cSS ,C543,A509,cSS ,U543
A510,tSS ,C503,A510,ntSS,C503
A510,cSS ,G542,A510,ncSS,G542
A510,cSS ,C543,A510,ncSS,U543
C511,cWW ,G540,C511,cWW ,G540
U512,cWW ,A539,U512,cWW ,A539
C513,cWW ,G538,C513,cWW ,G538
C514,cWW ,G537,C514,cWW ,G537
G515,cWW ,C536,G515,cWW ,C536
U516,cSW ,C519,U516,ncSW,C519
U516,tWH ,A533,U516,tWH ,A533
G517, ,---,G517, ,---
C518, ,---,C518, ,---
C519,cWS ,U516,C519,ncWS,U516
A520,tHS ,G529,A520,tHS ,G529
G521,cWW ,C528,G521,cWW ,C528
C522,cWW ,G527,C522,cWW ,G527
A523, ,---,A523, ,---
G524,cWW ,C507,G524,cWW ,C507
C525,cWW ,G506,C525,cWW ,G506
C526,cWW ,G505,C526,cWW ,G505
G527,cWW ,C522,G527,cWW ,C522
G527,tSS ,A535,G527,tSS ,A535
C528,cWW ,G521,C528,cWW ,G521
G529,tSH ,A520,G529,tSH ,A520
G530, ,---,G530, ,---
U531, ,---,U531, ,---
A532, ,---,---, ,---
---, ,---,A532, ,---
A533,tHW ,U516,A533,tHW ,U516
U534, ,---,U534, ,---
A535,tSS ,G527,A535,tSS ,G527
C536,cWW ,G515,C536,cWW ,G515
G537,cWW ,C514,G537,cWW ,C514
G538,cWW ,C513,G538,cWW ,C513
A539,cWW ,U512,A539,cWW ,U512
G540,cWW ,C511,G540,cWW ,C511
G541,cWW ,C504,G541,cWW ,C504
G542,cWW ,C503,G542,cWW ,C503
G542,cSS ,A510,G542,ncSS,A510
C543,cWW ,G502,U543,cWW ,A502
C543,cSS ,A509,U543,cSS ,A509
C543,cSS ,A510,U543,ncSS,A510
G544,cWW ,C501,G544,cWW ,C501
C545,cWW ,G500,C545,cWW ,G500
G546, ,---,A546, ,---
A547,tHW ,U498,A547, ,---
G548,cWW ,C36,G548,cWW ,C36
C549,cWW ,G35,C549,cWW ,G35
G550,cWW ,C34,G550,cWW ,C34
U551,cWW ,A33,U551,cWW ,A33
U552,cWW ,A32,U552,cWW ,A32
A553,cWW ,U30,A553,cWW ,U30
C554,cWW ,G29,A554,cWW ,U29
C555,cWW ,G28,U555,cWW ,A28
C556,cWW ,G27,C556,cWW ,G27
G557, ,---,G557, ,---
G558,tSH ,A26,G558,tSH ,A26
A559, ,---,A559, ,---
U560, ,---,A560, ,---
U561, ,---,U561, ,---
C562, ,---,U562, ,---
A563,tWW ,U884,A563,tWW ,U884
C564, ,---,C564, ,---
U565,cWS ,A300,U565,cWS ,A300
G566,cHW ,G299,G566,cHW ,G299
G567,cWW ,C883,G567,cWW ,C883
G568,tSS ,A574,G568,tSS ,A574
G568,cWW ,C882,G568,cWW ,C882
C569,cWW ,G881,C569,cWW ,G881
G570,cWW ,C866,G570,cWW ,C866
U571,cWW ,A865,U571,cWW ,A865
A572,tSS ,C19,A572,tSS ,A19
A573,cSS ,C883,A573,cSS ,C883
A574,tSS ,G568,A574,tSS ,G568
A574,cSS ,C882,A574,cSS ,C882
A574,cSS ,C883,A574,cSS ,C883
G575,cWW ,C880,G575,cWW ,C880
G576, ,---,C576, ,---
G577,cWW ,C764,G577,cWW ,C764
C578,cSS ,A728,C578,cSS ,A728
C578,cWW ,G763,C578,cWW ,G763
G579,cWW ,C762,A579,cWW ,U762
U580,cWW ,G761,C580,cWW ,G761
G581,tSH ,G760,G581,tSH ,G760
U582,tWH ,A759,C582,tWH ,A759
A583,tHS ,G758,A583,tHS ,C758
G584,cWW ,U757,G584,cWW ,U757
G585,cWW ,C756,G585,cWW ,C756
C586,cWW ,G755,C586,cWW ,G755
G587, ,---,G587, ,---
G588,cWW ,C651,G588,cWW ,C651
C589,cWW ,G650,U589,cWW ,G650
C590,cWW ,G649,U590,cWW ,A649
U591,cWW ,A648,U591,cWW ,A648
G592,cWW ,C647,G592,cWW ,C647
G593,cWW ,U646,U593,cWW ,G646
G594,cWW ,C645,U594,cWW ,G645
G595,ncSH,C596,A595,cSH ,A596
C596,cWW ,G644,A596,cWW ,U644
C596,ncHS,G595,A596,cHS ,A595
G597,cWW ,C643,G597,cWW ,C643
U598,cWW ,A640,U598,cWW ,A640
C599,cWW ,G639,C599,cWW ,G639
C600,cWW ,G638,A600,cWW ,U638
C601,cWW ,G637,G601,cWW ,C637
A602,cWW ,U636,A602,cWW ,U636
U603,cWW ,G635,U603,cWW ,A635
G604,cWW ,C634,G604,cWW ,C634
U605,cWW ,G633,U605,cWW ,G633
G606,tSH ,A632,G606, ,---
A607,cWS ,G309,A607,cWS ,A309
A608,tWS ,G292,A608,tWS ,G292
A609, ,---,A609, ,---
G610, ,---,---, ,---
---, ,---,U610, ,---
A611,cWW ,G629,C611,cWW ,A629
C612,cWW ,G628,C612,cWW ,G628
C613,cWW ,G627,C613,cWW ,G627
A614,cWW ,U626,C614,cWW ,G626
C615,cWW ,G625,G615,cWW ,U625
G616,cWW ,C624,G616,cWW ,C624
G617,cWW ,C623,G617,cWW ,C623
C618,ntWH,A622,C618,tWH ,A622
U619, ,---,U619, ,---
C620, ,---,C620, ,---
A621,cSS ,C401,A621,cSS ,C401
A622,tSS ,G42,A622,tSS ,G42
A622,cSS ,C400,A622,cSS ,C400
A622,ntHW,C618,A622,tHW ,C618
C623,cWW ,G617,C623,cWW ,G617
C624,cWW ,G616,C624,cWW ,G616
G625,cWW ,C615,U625,cWW ,G615
U626,cWW ,A614,G626,cWW ,C614
G627,cWW ,C613,G627,cWW ,C613
G628,cWW ,C612,G628,cWW ,C612
G629,cWW ,A611,A629,cWW ,C611
G630, ,---,A630, ,---
G631, ,---,C631, ,---
A632,tHS ,G606,---, ,G606
---, ,---,U632, ,---
G633,cWW ,U605,G633,cWW ,U605
C634,cWW ,G604,C634,cWW ,G604
G635,cWW ,U603,A635,cWW ,U603
U636,cWW ,A602,U636,cWW ,A602
G637,cWW ,C601,C637,cWW ,G601
G638,cWW ,C600,U638,cWW ,A600
G639,cWW ,C599,G639,cWW ,C599
A640,cWW ,U598,A640,cWW ,U598
U641,cSH ,A642,U641,cSH ,A642
A642,cHS ,U641,A642,cHS ,U641
C643,cWW ,G597,C643,cWW ,G597
G644,cWW ,C596,U644,cWW ,A596
C645,cWW ,G594,G645,cWW ,U594
U646,cWW ,G593,G646,cWW ,U593
C647,cWW ,G592,C647,cWW ,G592
A648,cWW ,U591,A648,cWW ,U591
G649,cWW ,C590,A649,cWW ,U590
G650,cWW ,C589,G650,cWW ,U589
C651,cWW ,G588,C651,cWW ,G588
U652,tWH ,A753,U652,tWH ,A753
A653, ,---,---, ,---
---, ,---,U653, ,---
G654,tHS ,G752,G654,tHS ,G752
G654,cWW ,C754,G654,cWW ,C754
A655,cWW ,U751,A655,cWW ,U751
C656,cWW ,G750,G656,cWW ,C750
G657,cWW ,C749,U657,cWW ,A749
G658,cWW ,C747,C658,cWW ,G748
U659,cWW ,A746,U659,cWW ,A746
G660,cWW ,C745,C660,cWW ,G745
G661,cWW ,C744,G661,cWW ,C744
G662,cWW ,U743,U662,cWW ,A743
A663,cWW ,G742,A663,cWW ,G742
G664, ,---,G664, ,---
A665,cHW ,G724,A665,cHW ,G724
G666,cWW ,U740,G666,cWW ,U740
G667,cWW ,C739,G667,cWW ,C739
G668,cWW ,C738,G668,cWW ,C738
U669,cWW ,A737,G669,cWW ,C737
G670,cWW ,C736,G670,cWW ,C736
G671,cWW ,C735,G671,cWW ,C735
U672,cWW ,G734,U672,cWW ,G734
G673,cWW ,C717,A673,cWW ,U717
G674,cWW ,A716,G674,cWW ,A716
A675,cWW ,A715,A675,nbif,A715
A676,cWW ,G714,A676,cWW ,G714
U677,cSW ,G713,U677,cSW ,G713
U678,cWW ,A712,U678,cWW ,A712
C679,cWW ,G711,C679,cWW ,G711
C680,cWW ,G710,C680,cWW ,G710
C681,cWW ,G709,A681,cWW ,U709
G682,cWW ,C708,G682,cWW ,C708
G683,cWW ,C707,G683,cWW ,U707
A684,cWW ,A706,U684,cWW ,A706
G685,tSH ,U705,G685,tSH ,G705
U686,tWH ,A704,U686,tWH ,A704
A687,tSS ,G700,A687,ntSS,G700
A687,tHS ,G703,A687,tHS ,G703
G688,cWW ,C699,G688,cWW ,C699
G688,tSS ,A704,G688,ntSS,A704
C689,cWW ,G698,C689,cWW ,G698
G690,tSH ,U697,G690,ntSH,U697
G691,tSH ,A696,G691,tSH ,A696
U692, ,---,U692, ,---
G693, ,---,G693, ,---
A694, ,---,A694, ,---
A695, ,---,A695, ,---
A696,tHS ,G691,A696,tHS ,G691
A696,tSS ,C797,A696,tSS ,C797
A696,ncSS,G786,A696,cSS ,G786
U697,tHS ,G690,U697,ntHS,G690
U697,ncSS,G785,U697,cSS ,G785
G698,cWW ,C689,G698,cWW ,C689
C699,cWW ,G688,C699,cWW ,G688
G700,tSS ,A687,G700,ntSS,A687
C701, ,---,U701, ,---
A702, ,---,A702, ,---
G703,tSH ,A687,G703,tSH ,A687
A704,tHW ,U686,A704,tHW ,U686
A704,tSS ,G688,A704,ntSS,G688
U705,tHS ,G685,G705,tHS ,G685
A706,cWW ,A684,A706,cWW ,U684
C707,cWW ,G683,U707,cWW ,G683
C708,cWW ,G682,C708,cWW ,G682
G709,cWW ,C681,U709,cWW ,A681
G710,cWW ,C680,G710,cWW ,C680
G711,cWW ,C679,G711,cWW ,C679
A712,cWW ,U678,A712,cWW ,U678
G713,cWS ,U677,G713,cWS ,U677
G714,cWW ,A676,G714,cWW ,A676
A715,cWW ,A675,A715,nbif,A675
A716,cWW ,G674,A716,cWW ,G674
C717,cWW ,G673,U717,cWW ,A673
G718, ,---,A718, ,---
C719, ,---,C719, ,---
C720, ,---,C720, ,---
G721, ,---,G721, ,---
A722,tWW ,A733,G722,tWW ,G733
U723, ,---,U723, ,---
G724,cWH ,A665,G724,cWH ,A665
G725,cWW ,C732,G725,cWW ,C732
C726,cWW ,G731,C726,cWW ,G731
G727, ,---,G727, ,---
A728,cSS ,C578,A728,cSS ,C578
A728,tSS ,C764,A728,tSS ,C764
A729,tSS ,C764,A729,tSS ,C764
G730, ,---,G730, ,---
G731,cWW ,C726,G731,cWW ,C726
C732,cWW ,G725,C732,cWW ,G725
A733,tWW ,A722,G733,tWW ,G722
G734,cWW ,U672,G734,cWW ,U672
C735,cWW ,G671,C735,cWW ,G671
C736,cWW ,G670,C736,cWW ,G670
A737,cWW ,U669,C737,cWW ,G669
C738,cWW ,G668,C738,cWW ,G668
C739,cWW ,G667,C739,cWW ,G667
U740,cWW ,G666,U740,cWW ,G666
G741, ,---,G741, ,---
G742,cWW ,A663,G742,cWW ,A663
U743,cWW ,G662,A743,cWW ,U662
C744,cWW ,G661,C744,cWW ,G661
C745,cWW ,G660,G745,cWW ,C660
A746,cWW ,U659,A746,cWW ,U659
---, ,---,A747, ,---
C747,cWW ,G658,G748,cWW ,C658
C748, ,---,---, ,---
C749,cWW ,G657,A749,cWW ,U657
G750,cWW ,C656,C750,cWW ,G656
U751,cWW ,A655,U751,cWW ,A655
G752,tSH ,G654,G752,tSH ,G654
A753,tHW ,U652,A753,tHW ,U652
C754,cWW ,G654,C754,cWW ,G654
G755,cWW ,C586,G755,cWW ,C586
C756,cWW ,G585,C756,cWW ,G585
U757,cWW ,G584,U757,cWW ,G584
G758,tSH ,A583,C758,tSH ,A583
A759,tHW ,U582,A759,tHW ,C582
G760,tHS ,G581,G760,tHS ,G581
G761,cWW ,U580,G761,cWW ,C580
C762,cWW ,G579,U762,cWW ,A579
G763,cWW ,C578,G763,cWW ,C578
C764,cWW ,G577,C764,cWW ,G577
C764,tSS ,A728,C764,tSS ,A728
C764,tSS ,A729,C764,tSS ,A729
G765, ,---,---, ,---
---, ,---,G765, ,---
A766,tHW ,U813,A766,tHW ,U813
A767,tSS ,G1511,A767,tSS ,G1511
A767,cSS ,C1524,A767,cSS ,C1524
A768,bif ,C811,A768,bif ,C811
G769,cWW ,C810,G769,cWW ,C810
C770,cWW ,G809,C770,cWW ,G809
G771,cWW ,C808,G771,cWW ,C808
U772,cWW ,A807,U772,cWW ,A807
G773,cWW ,C806,G773,cWW ,C806
G774,cWW ,C805,G774,cWW ,C805
G775, ,---,G775, ,---
G776, ,---,G776, ,---
A777, ,---,A777, ,---
G778,cWW ,U804,G778,cWW ,U804
C779,cWW ,G803,C779,cWW ,G803
A780,tSH ,A802,A780,tSH ,A802
A781,tHW ,U801,A781,tHW ,U801
A782,tHS ,G800,A782,tHS ,G800
C783,cWW ,G799,C783,cWW ,G799
C784,cWW ,G798,A784,cWW ,U798
G785,cWW ,C797,G785,cWW ,C797
G785,ncSS,U697,G785,cSS ,U697
G786,cWW ,C796,G786,cWW ,C796
G786,ncSS,A696,G786,cSS ,A696
A787, ,---,A787, ,---
U788, ,---,U788, ,---
U789, ,---,U789, ,---
A790, ,---,A790, ,---
G791, ,---,G791, ,---
A792, ,---,A792, ,---
U793, ,---,U793, ,---
A794, ,---,A794, ,---
C795, ,---,C795, ,---
C796,cWW ,G786,C796,cWW ,G786
C797,tSS ,A696,C797,tSS ,A696
C797,cWW ,G785,C797,cWW ,G785
G798,cWW ,C784,U798,cWW ,A784
G799,cWW ,C783,G799,cWW ,C783
G800,tSH ,A782,G800,tSH ,A782
U801,tWH ,A781,U801,tWH ,A781
A802,tHS ,A780,A802,tHS ,A780
G803,cWW ,C779,G803,cWW ,C779
U804,cWW ,G778,U804,cWW ,G778
C805,cWW ,G774,C805,cWW ,G774
C806,cWW ,G773,C806,cWW ,G773
A807,cWW ,U772,A807,cWW ,U772
C808,cWW ,G771,C808,cWW ,G771
G809,cWW ,C770,G809,cWW ,C770
C810,cWW ,G769,C810,cWW ,G769
C811,bif ,A768,C811,bif ,A768
C812, ,---,---, ,---
---, ,---,G812, ,---
U813,tWH ,A766,U813,tWH ,A766
U813,cSS ,G1511,U813,cSS ,G1511
A814, ,---,A814, ,---
A815, ,---,A815, ,---
A816, ,---,A816, ,---
C817,cWW ,G1529,C817,cWW ,G1529
G818, ,---,G818, ,---
A819, ,---,A819, ,---
U820,cWH ,A873,U820,cWH ,A873
G821,cWW ,C879,G821,cWW ,C879
C822,cWW ,G878,U822,cWW ,A878
G823,cWW ,C877,C823,cWW ,G877
C824,cWW ,G876,G824,cWW ,C876
G825,cWW ,C875,A825,cWW ,U875
C826,cWW ,G874,C826,cWW ,G874
U827,cSW ,A859,U827,ncSW,G859
U827,tWW ,A872,U827,tWW ,A872
A828,tHS ,G858,U828,tHS ,G858
G829,cWW ,C857,G829,cWW ,C857
G830,cWW ,C856,G830,cWW ,C856
U831,cWW ,G855,A831,cWW ,U855
C832,cWW ,G854,G832,cWW ,U854
U833,cWW ,G853,G833,cWW ,C853
C834,cWW ,G852,U834,cWW ,G852
U835,cWW ,G851,U835,cWW ,G851
G836,cWW ,U850,G836,cWW ,U850
G837,cWW ,C849,U837,cWW ,G849
G838,ncWW,C848,G838,cWW ,C848
U839, ,---,---, ,---
C840, ,---,---, ,---
U841, ,---,---, ,---
---, ,---,C839,cWW ,G847
---, ,---,C840,cWW ,G846
---, ,---,C841, ,---
---, ,---,U842, ,---
---, ,---,U843, ,---
---, ,---,G844, ,---
---, ,---,A845, ,---
---, ,---,G846,cWW ,C840
---, ,---,G847,cWW ,C839
C848,ncWW,G838,C848,cWW ,G838
C849,cWW ,G837,G849,cWW ,U837
U850,cWW ,G836,U850,cWW ,G836
G851,cWW ,U835,G851,cWW ,U835
G852,cWW ,C834,G852,cWW ,U834
G853,cWW ,U833,C853,cWW ,G833
G854,cWW ,C832,U854,cWW ,G832
G855,cWW ,U831,U855,cWW ,A831
C856,cWW ,G830,C856,cWW ,G830
C857,cWW ,G829,C857,cWW ,G829
G858,tSH ,A828,G858,tSH ,U828
A859,cWS ,U827,G859,ncWS,U827
A860,tHS ,G869,A860,tHS ,G869
G861,cWW ,C868,G861,cWW ,C868
C862,cWW ,G867,C862,cWW ,G867
C862,cSS ,A873,C862,cSS ,A873
U863, ,---,U863, ,---
A864,cSS ,C18,A864,ncSS,C18
A864,tSS ,G917,A864,tSS ,G917
A865,cWW ,U571,A865,cWW ,U571
C866,cWW ,G570,C866,cWW ,G570
G867,cWW ,C862,G867,cWW ,C862
G867,tSS ,A873,G867,tSS ,A873
C868,cWW ,G861,C868,cWW ,G861
G869,tSH ,A860,G869,tSH ,A860
U870, ,---,U870, ,---
U871, ,---,U871, ,---
A872,tWW ,U827,A872,tWW ,U827
A873,cHW ,U820,A873,cHW ,U820
A873,cSS ,C862,A873,cSS ,C862
A873,tSS ,G867,A873,tSS ,G867
G874,cWW ,C826,G874,cWW ,C826
C875,cWW ,G825,U875,cWW ,A825
G876,cWW ,C824,C876,cWW ,G824
C877,cWW ,G823,G877,cWW ,C823
G878,cWW ,C822,A878,cWW ,U822
C879,cWW ,G821,C879,cWW ,G821
C880,cWW ,G575,C880,cWW ,G575
G881,cWW ,C569,G881,cWW ,C569
C882,cWW ,G568,C882,cWW ,G568
C882,cSS ,A574,C882,cSS ,A574
C883,cWW ,G567,C883,cWW ,G567
C883,cSS ,A573,C883,cSS ,A573
C883,cSS ,A574,C883,cSS ,A574
U884,tWW ,A563,U884,tWW ,A563
G885,cWW ,C912,G885,cWW ,C912
G886,cWW ,U911,G886,cWW ,U911
G887,cWW ,C910,G887,cWW ,C910
G888,tSH ,A909,G888,tSH ,A909
A889,tHH ,A908,A889,tHH ,A908
G890,cSH ,U891,G890,cSH ,U891
U891,cHS ,G890,U891,cHS ,G890
U891,tWH ,A907,U891,tWH ,A907
A892,tHS ,G906,A892,tHS ,A906
C893,cWW ,U244,C893,cWW ,U244
G894,cWW ,U905,G894,cWW ,U905
G895,cWW ,C904,G895,cWW ,U904
C896,cWW ,G903,C896,cWW ,G903
C897,cWW ,G902,C897,cWW ,G902
G898,tSH ,A901,G898,tSH ,A901
C899, ,---,C899, ,---
A900, ,---,A900, ,---
A901,tHS ,G898,A901,tHS ,G898
G902,cWW ,C897,G902,cWW ,C897
G903,cWW ,C896,G903,cWW ,C896
C904,cWW ,G895,U904,cWW ,G895
U905,cWW ,G894,U905,cWW ,G894
G906,tSH ,A892,A906,tSH ,A892
A907,tHW ,U891,A907,tHW ,U891
A908,tHH ,A889,A908,tHH ,A889
A909,tHS ,G888,A909,tHS ,G888
A909,cSS ,A1413,A909,cSS ,A1413
C910,cWW ,G887,C910,cWW ,G887
U911,cWW ,G886,U911,cWW ,G886
C912,cWW ,G885,C912,cWW ,G885
A913,tSS ,G22,A913,tSS ,G22
A914,tHS ,G21,A914,tHS ,G21
A915,cHW ,U13,A915,cHW ,U13
G916,cWW ,C19,U916,cWW ,A19
G917,cWW ,C18,G917,cWW ,C18
G917,tSS ,A864,G917,tSS ,A864
A918,cWW ,U17,A918,cWW ,U17
A919,tSS ,A1080,A919,tSS ,A1080
U920,cWW ,G15,U920,cWW ,G15
U921,cWW ,A1396,U921,cWW ,A1396
G922,cWW ,C1395,G922,cWW ,C1395
G922,tSS ,A1398,G922,tSS ,A1398
A923,cWW ,U1393,A923,cWW ,U1393
C924,cWW ,G1392,C924,cWW ,G1392
C924, ,---,C924,tSS ,A1502
G925,cWW ,U1391,G925,cWW ,U1391
G926, ,---,G926, ,---
G927,cWW ,U1390,G927,cWW ,U1390
G928,cWW ,C1389,G928,cWW ,C1389
G929,cWW ,C1388,G929,cWW ,C1388
C930,cWW ,G1387,C930,cWW ,G1387
C931,cWW ,G1386,C931,cWW ,G1386
C932,cWW ,G1385,C932,cWW ,G1385
G933,cWW ,C1384,G933,cWW ,C1384
C934, ,---,C934, ,---
A935,cWW ,U1380,A935,cWW ,U1380
A935,cSW ,C1383,A935,cSW ,C1383
C936,cWW ,G1379,C936,cWW ,G1379
A937,tSH ,C1378,A937,ntSH,C1378
A938,cSS ,U1376,A938,cSS ,U1376
G939,cWW ,C1344,G939,cWW ,C1344
G939,cSS ,A1375,G939,cSS ,A1375
C940,cWW ,G1343,C940,cWW ,G1343
G941,cWW ,C1342,G941,cWW ,C1342
G942,cWW ,U1341,G942,cWW ,U1341
U943,cWW ,A1340,U943,cWW ,A1340
G944,tSH ,A1339,G944,tSH ,A1339
G945,cWW ,A1236,G945,cWW ,A1236
A946,cWW ,U1235,A946,cWW ,U1235
A946,cSS ,A1333,A946,cSS ,A1333
G947,cWW ,C1234,G947,cWW ,C1234
C948,cWW ,G1233,C948,cWW ,G1233
A949,cWW ,U1232,A949,cWW ,U1232
U950,cWW ,G1231,U950,cWW ,G1231
G951,cSS ,C970,G951,---- ,C970
G951,cWW ,C1230,G951,cWW ,C1230
U952,cWW ,A1229,U952,cWW ,A1229
G953,cWW ,C1228,G953,cWW ,C1228
G954,cWW ,C1226,G954,cWW ,C1226
U955,cWW ,A1225,U955,cWW ,A1225
U956, ,---,U956, ,---
U957,ntSH,A959,U957,tSH ,A959
A958,cSS ,C985,A958,ncSS,C985
A959,cSS ,C984,A959,cSS ,C984
A959,cSS ,C985,A959,cSS ,C985
A959,tSS ,G1221,A959,tSS ,G1221
A959,ntHS,U957,A959,tHS ,U957
U960, ,---,U960, ,---
U961,tWW ,A1201,U961,ntSW,A1201
C962,cWW ,G973,C962,cWW ,G973
G963,cWW ,C972,G963,cWW ,C972
A964, ,---,A964,cSS ,A969
A965, ,---,U965, ,---
G966, ,---,---, ,---
---, ,---,G966, ,---
C967, ,---,C967, ,---
A968, ,---,---, ,---
A969, ,---,---, ,---
---, ,---,A968, ,---
---, ,A964,A969,cSS ,A964
C970,cSS ,G951,C970,---- ,G951
G971, ,---,G971, ,---
C972,cWW ,G963,C972,cWW ,G963
G973,cWW ,C962,G973,cWW ,C962
A974, ,---,A974, ,---
A975, ,---,A975, ,---
G976, ,---,G976, ,---
A977, ,---,---, ,---
---, ,---,A977, ,---
A978,tWS ,G1316,A978,ntWS,G1316
A978,tHW ,A1360,A978,ntHW,A1360
C979, ,---,C979, ,---
C980, ,---,C980, ,---
U981, ,---,U981, ,---
U982, ,---,U982, ,---
A983, ,---,A983, ,---
C984,cSS ,A959,C984,cSS ,A959
C984,cWW ,G1221,C984,cWW ,G1221
C985,cSS ,A958,C985,ncSS,A958
C985,cSS ,A959,C985,cSS ,A959
C985,cWW ,G1220,C985,cWW ,G1220
A986,cWW ,U1219,U986,cWW ,A1219
G987,cWW ,C1218,G987,cWW ,C1218
G988,tSS ,A1016,G988,tSS ,A1016
G988,cWW ,C1217,G988,cWW ,C1217
C989,cWW ,G1216,U989,cWW ,A1216
C990,cWW ,G1215,C990,cWW ,G1215
U991,tWH ,A1213,U991,ntWH,A1213
U992,tWH ,A1044,U992,tWH ,A1044
G993,cWW ,C1045,G993,cWW ,C1045
A994, ,---,A994, ,---
C995,cWS ,A1046,C995,ncWS,A1046
A996,cWS ,C1045,A996,cWS ,C1045
U997,cWW ,A1044,U997,cWW ,A1044
G998,cWW ,C1043,C998,---- ,G1041
G998, ,---,C998,cWW ,G1043
---, ,C1043,C999,cWW ,G1041
C999,cWW ,G1042,A1000,cWW ,U1040
U1000,cWW ,A1041,C1001,cWW ,G1039
A1001,cWW ,U1040,G1002,cWW ,C1038
G1002,cWW ,C1039,G1003,cWW ,C1037
G1003, ,---,---, ,---
G1003A,cWS ,C1038,---, ,---
A1004, ,---,---, ,---
A1005, ,---,---, ,---
---, ,---,A1004, ,---
---, ,---,A1005, ,---
C1006,---- ,G1022,G1006,cWW ,U1023
C1007, ,---,U1007,cWW ,A1022
C1008,cWW ,G1021,U1008, ,---
C1008, ,---,U1008,cWW ,A1021
G1009,cWW ,U1020,U1009,cWW ,G1020
G1010,cWW ,C1019,U1010,cWW ,A1019
G1011,cWW ,C1018,C1011,cWW ,G1018
U1012,cWW ,G1017,A1012,cWW ,U1017
G1013,tSH ,A1016,G1013,ntSH,A1016
A1014,cSS ,U1219,A1014,ncSS,A1219
A1015,cSS ,C1218,G1015,cSS ,C1218
A1016,tSS ,G988,A1016,tSS ,G988
A1016,tHS ,G1013,A1016,ntHS,G1013
A1016,cSS ,C1217,A1016,cSS ,C1217
G1017,cWW ,U1012,U1017,cWW ,A1012
C1018,cWW ,G1011,G1018,cWW ,C1011
C1019,cWW ,G1010,A1019,cWW ,U1010
U1020,cWW ,G1009,G1020,cWW ,U1009
G1021,cWW ,C1008,---, ,U1008
---, ,C1008,A1021,cWW ,U1008
---, ,C1007,A1022,cWW ,U1007
G1022,---- ,C1006,U1023,cWW ,G1006
G1023, ,---,---, ,---
G1024, ,---,---, ,---
U1025, ,---,---, ,---
G1026, ,---,---, ,---
C1027,cWW ,G1034,---, ,A1036
---, ,---,G1024, ,---
---, ,---,U1025, ,---
C1028,cWW ,G1033,G1026,cWW ,A1035
C1029,cWW ,G1032,C1027,cWW ,G1034
C1030,cWW ,G1031,C1028,cWW ,G1033
G1030A, ,---,---, ,---
C1030B, ,---,---, ,---
G1030C, ,---,---, ,---
A1030D, ,---,---, ,---
---, ,---,U1029, ,---
---, ,---,U1030, ,---
---, ,---,C1031, ,---
---, ,---,G1032, ,---
G1031,cWW ,C1030,G1033,cWW ,C1028
G1032,cWW ,C1029,G1034,cWW ,C1027
G1033,cWW ,C1028,A1035,cWW ,G1026
G1034,cWW ,C1027,A1036, ,---
A1035, ,---,---, ,---
G1036, ,---,---, ,---
C1037, ,---,---, ,---
C1038,cSW ,G1003A,---, ,---
C1039,cWW ,G1002,C1037,cWW ,G1003
U1040,cWW ,A1001,C1038,cWW ,G1002
A1041,cWW ,U1000,G1039,cWW ,C1001
G1042,cWW ,C999,U1040,cWW ,A1000
C1043,cWW ,G998,G1041,---- ,C998
C1043, ,---,G1041,cWW ,C999
---, ,---,A1042, ,---
---, ,G998,G1043,cWW ,C998
A1044,tHW ,U992,A1044,tHW ,U992
A1044,cWW ,U997,A1044,cWW ,U997
C1045,cWW ,G993,C1045,cWW ,G993
C1045,cSW ,A996,C1045,cSW ,A996
A1046,cSW ,C995,A1046,ncSW,C995
A1046,tHW ,U1211,A1046,tHW ,U1211
A1046,tWW ,A1213,A1046,tWW ,A1213
G1047,cWW ,C1210,G1047,cWW ,C1210
G1048,cWW ,C1209,G1048,cWW ,C1209
G1048,cSS ,C1214,G1048, ,---
U1049, ,---,U1049, ,---
G1050,cWW ,C1208,G1050,cWW ,C1208
C1051,cWW ,G1207,C1051,cWW ,G1207
U1052,cWW ,G1206,U1052,cWW ,G1206
G1053,cWH ,G1057,G1053,cWH ,G1057
G1053,tHW ,C1203,G1053,tHW ,C1203
C1054, ,---,C1054, ,---
A1055,tHW ,C1200,A1055,ntHW,C1200
A1055,cWS ,U1205,A1055,cWS ,U1205
U1056,cWW ,A1204,U1056,cWW ,A1204
G1057,cHW ,G1053,G1057,cHW ,G1053
G1057,cWW ,C1203,G1057,cWW ,C1203
G1058,cWW ,U1199,G1058,cWW ,U1199
G1058,ntSH,G1202,G1058,tSH ,U1202
C1059,cWW ,G1198,C1059,cWW ,G1198
C1060,cWW ,G1197,U1060,cWW ,A1197
G1061,cWW ,C1195,G1061,cWW ,C1195
U1062,cWW ,U1194,U1062,cWW ,U1194
C1063,cWW ,G1193,C1063,cWW ,G1193
G1064,ntSS,G1190,G1064,tSS ,G1190
U1065, ,---,U1065, ,---
C1066, ,---,C1066, ,---
A1067, ,---,A1067, ,---
G1068,cWW ,C1107,G1068,cWW ,C1107
C1069,cWW ,G1106,C1069,cWW ,G1106
U1070,cWW ,A1105,U1070,cWW ,A1105
C1071,tHH ,U1085,C1071,tHH ,U1085
C1071,cWW ,G1104,C1071,cWW ,G1104
G1072,tHS ,G1084,G1072,tHS ,G1084
G1072,cWW ,C1103,G1072,cWW ,C1103
U1073,cWW ,A1102,U1073,cWW ,A1102
G1074,cWW ,U1083,G1074,cWW ,U1083
G1074,tSS ,A1101,G1074,---- ,A1101
C1075,cWW ,G1082,U1075,cWW ,A1082
C1076,cWW ,G1081,U1076,cWW ,A1081
G1077, ,---,G1077, ,---
U1078, ,---,U1078, ,---
G1079,cSS ,U17,G1079,cSS ,U17
A1080,cSS ,A16,A1080,cSS ,A16
A1080,tSS ,A919,A1080,tSS ,A919
G1081,cWW ,C1076,A1081,cWW ,U1076
G1082,cWW ,C1075,A1082,cWW ,U1075
U1083,cWW ,G1074,U1083,cWW ,G1074
G1084,tSH ,G1072,G1084,tSH ,G1072
G1084,cSH ,C1103,G1084,ncSH,C1103
U1085,tHH ,C1071,U1085,tHH ,C1071
U1086,cSW ,G1099,U1086,cSW ,G1099
G1087,cWW ,C1098,G1087,cWW ,C1098
G1088,cWW ,C1097,G1088,cWW ,C1097
G1089,cWW ,C1096,G1089,cWW ,C1096
G1089,tSS ,A1169,G1089,ntSS,A1170
U1090,cWW ,U1095,U1090,cWW ,U1095
U1091,tSH ,A1093,U1091,ntSH,A1093
A1092, ,---,A1092, ,---
A1093,tHS ,U1091,A1093,ntHS,U1091
G1094, ,---,G1094, ,---
U1095,cWW ,U1090,U1095,cWW ,U1090
C1096,cWW ,G1089,C1096,cWW ,G1089
C1096,cSS ,A1169,C1096,cSS ,A1170
C1097,cWW ,G1088,C1097,cWW ,G1088
C1097,cSS ,A1168,C1097,cSS ,A1169
C1098,cWW ,G1087,C1098,cWW ,G1087
G1099,cWS ,U1086,G1099,cWS ,U1086
C1100, ,---,C1100, ,---
A1101,tSS ,G1074,A1101,---- ,G1074
A1102,cWW ,U1073,A1102,cWW ,U1073
C1103,cWW ,G1072,C1103,cWW ,G1072
C1103,cHS ,G1084,C1103,ncHS,G1084
G1104,cWW ,C1071,G1104,cWW ,C1071
A1105,cWW ,U1070,A1105,cWW ,U1070
G1106,cWW ,C1069,G1106,cWW ,C1069
C1107,cWW ,G1068,C1107,cWW ,G1068
G1108, ,---,G1108, ,---
C1109, ,---,C1109, ,---
A1110, ,---,A1110, ,---
A1111, ,---,---, ,---
---, ,---,A1111, ,---
C1112, ,---,C1112, ,---
C1113,cWW ,G1187,C1113,cWW ,G1187
C1114,cWW ,G1186,C1114,cWW ,G1186
C1115,cWW ,G1185,U1115,cWW ,G1185
C1116,cWW ,G1184,U1116,cWW ,G1184
G1117, ,---,A1117, ,---
C1118,cWW ,G1155,U1118,cWW ,A1155
C1119,cWW ,G1154,C1119,cWW ,G1154
G1120,cWW ,C1153,C1120,cWW ,G1153
U1121,cWW ,A1152,U1121,cWW ,A1152
U1122,cWW ,A1151,U1122,cWW ,A1151
A1123,ncWW,U1150,U1123,cWW ,A1150
G1124,cWW ,C1149,G1124,cWW ,C1149
G1124, ,---,G1124,cSH ,U1125
U1125, ,---,---, ,---
---, ,G1124,U1125,cHS ,G1124
---, ,A1280,U1125,cWH ,A1280
---, ,---,U1126, ,---
U1126,cWW ,U1148,G1127,ncSW,U1148
U1126, ,---,G1127,cWW ,A1145
G1127,s33 ,G1144,C1128,cWW ,G1144
C1128,cWW ,G1143,C1129,cWW ,G1143
C1128,ncSH,A1130,C1129,cSH ,A1130
C1129,tHH ,G1134,---, ,G1134
A1130,ncHS,C1128,A1130,cHS ,C1129
G1131, ,---,G1131, ,---
C1132,cWW ,G1142,C1132,cWW ,G1142
G1133,cWW ,C1141,G1133,cWW ,C1141
G1134,tHH ,C1129,G1134, ,---
G1134,cWW ,C1140,G1134,cWW ,C1140
U1135,tSW ,G1138,U1135,ntSW,G1138
U1136, ,---,C1136, ,---
C1137, ,---,C1137, ,---
G1138,tWS ,U1135,G1138,ntWS,U1135
G1139,ncWH,G1142,G1139,cWH ,G1142
C1140,cWW ,G1134,C1140,cWW ,G1134
C1141,cWW ,G1133,C1141,cWW ,G1133
G1142,cWW ,C1132,G1142,cWW ,C1132
G1142,ncHW,G1139,G1142,cHW ,G1139
G1143,cWW ,C1128,G1143,cWW ,C1129
G1144,s33 ,G1127,G1144,cWW ,C1128
C1145, ,---,---, ,---
---, ,U1126,A1145,cWW ,G1127
A1146, ,---,A1146, ,---
C1147, ,---,C1147, ,---
U1148,cWW ,U1126,U1148,ncWS,G1127
C1149,cWW ,G1124,C1149,cWW ,G1124
C1149,cSW ,A1280,C1149,cSW ,A1280
U1150,ncWW,A1123,A1150,cWW ,U1123
A1151,cWW ,U1122,A1151,cWW ,U1122
A1152,cWW ,U1121,A1152,cWW ,U1121
C1153,cWW ,G1120,G1153,cWW ,C1120
G1154,cWW ,C1119,G1154,cWW ,C1119
G1155,cWW ,C1118,A1155,cWW ,U1118
G1156,tSW ,A1179,G1156,tSW ,A1179
A1157,tWS ,G1178,A1157,tWS ,G1178
C1158,ncWW,G1181,C1158,cWW ,G1181
U1159, ,---,U1159, ,---
G1160,cWW ,A1176,G1160,cWW ,A1176
G1160,ncHW,G1182,G1160,cHW ,G1182
C1161,cWW ,G1175,C1161,cWW ,G1175
C1162,cWW ,G1174,C1162,cWW ,G1174
C1163,cWW ,G1173,A1163,cWW ,U1173
G1164,cWW ,C1172,G1164,cWW ,C1172
C1165,cWW ,G1171,U1165,cWW ,A1171
G1166,tSH ,A1169,G1166,tSH ,A1170
A1167, ,---,A1167, ,---
---, ,---,U1168, ,---
A1168,cSS ,C1097,A1169,cSS ,C1097
A1169,tSS ,G1089,A1170,ntSS,G1089
A1169,cSS ,C1096,A1170,cSS ,C1096
A1169,tHS ,G1166,A1170,tHS ,G1166
G1171,cWW ,C1165,A1171,cWW ,U1165
C1172,cWW ,G1164,C1172,cWW ,G1164
G1173,cWW ,C1163,U1173,cWW ,A1163
G1174,cWW ,C1162,G1174,cWW ,C1162
G1175,cWW ,C1161,G1175,cWW ,C1161
A1176,cWW ,G1160,A1176,cWW ,G1160
G1177,nbif,G1181,G1177,tWH ,G1181
G1178,tSW ,A1157,G1178,tSW ,A1157
A1179,tWS ,G1156,A1179,tWS ,G1156
A1180, ,---,A1180, ,---
G1181,ncWW,C1158,G1181,cWW ,C1158
G1181,nbif,G1177,G1181,tHW ,G1177
G1182,ncWH,G1160,G1182,cWH ,G1160
A1183, ,---,U1183, ,---
G1184,cWW ,C1116,G1184,cWW ,U1116
G1185,cWW ,C1115,G1185,cWW ,U1115
G1186,cWW ,C1114,G1186,cWW ,C1114
G1187,cWW ,C1113,G1187,cWW ,C1113
A1188, ,---,A1188, ,---
C1189, ,---,U1189, ,---
G1190,ntSS,G1064,G1190,tSS ,G1064
A1191, ,---,A1191, ,---
C1192, ,---,C1192, ,---
G1193,cWW ,C1063,G1193,cWW ,C1063
U1194,cWW ,U1062,U1194,cWW ,U1062
C1195,cWW ,G1061,C1195,cWW ,G1061
U1196, ,---,A1196, ,---
G1197,cWW ,C1060,A1197,cWW ,U1060
G1198,cWW ,C1059,G1198,cWW ,C1059
U1199,cWW ,G1058,U1199,cWW ,G1058
C1200,tWH ,A1055,C1200,ntWH,A1055
C1200,tSW ,U1205,C1200,ntSW,U1205
A1201,tWW ,U961,A1201,ntWS,U961
G1202,ntHS,G1058,U1202,tHS ,G1058
C1203,tWH ,G1053,C1203,tWH ,G1053
C1203,cWW ,G1057,C1203,cWW ,G1057
A1204,cWW ,U1056,A1204,cWW ,U1056
U1205,cSW ,A1055,U1205,cSW ,A1055
U1205,tWS ,C1200,U1205,ntWS,C1200
G1206,cWW ,U1052,G1206,cWW ,U1052
G1207,cWW ,C1051,G1207,cWW ,C1051
C1208,cWW ,G1050,C1208,cWW ,G1050
C1209,cWW ,G1048,C1209,cWW ,G1048
C1209, ,---,C1209,tSH ,C1214
C1210,cWW ,G1047,C1210,cWW ,G1047
U1211,tWH ,A1046,U1211,tWH ,A1046
U1212, ,---,---, ,---
---, ,---,U1212, ,---
A1213,tHW ,U991,A1213,ntHW,U991
A1213,tWW ,A1046,A1213,tWW ,A1046
C1214,cSS ,G1048,---, ,G1048
---, ,C1209,C1214,tHS ,C1209
G1215,cWW ,C990,G1215,cWW ,C990
G1216,cWW ,C989,A1216,cWW ,U989
C1217,cWW ,G988,C1217,cWW ,G988
C1217,cSS ,A1016,C1217,cSS ,A1016
C1218,cWW ,G987,C1218,cWW ,G987
C1218,cSS ,A1015,C1218,cSS ,G1015
U1219,cWW ,A986,A1219,cWW ,U986
U1219,cSS ,A1014,A1219,ncSS,A1014
G1220,cWW ,C985,G1220,cWW ,C985
G1221,tSS ,A959,G1221,tSS ,A959
G1221,cWW ,C984,G1221,cWW ,C984
G1222, ,---,G1222, ,---
C1223, ,---,C1223, ,---
G1224,ncWW,C1362,U1224,cWW ,A1362
A1225,cWW ,U955,A1225,cWW ,U955
C1226,cWW ,G954,C1226,cWW ,G954
A1227, ,---,---, ,---
---, ,---,A1227, ,---
C1228,cWW ,G953,C1228,cWW ,G953
A1229,cWW ,U952,A1229,cWW ,U952
C1230,cWW ,G951,C1230,cWW ,G951
G1231,cWW ,U950,G1231,cWW ,U950
U1232,cWW ,A949,U1232,cWW ,A949
G1233,cWW ,C948,G1233,cWW ,C948
G1233,cSS ,U1364,G1233,ncSS,U1364
C1234,cWW ,G947,C1234,cWW ,G947
U1235,cWW ,A946,U1235,cWW ,A946
A1236,cWW ,G945,A1236,cWW ,G945
C1237,cWW ,G1337,C1237,cWW ,G1337
A1238,cSS ,G1241,A1238,cSS ,G1241
A1238,tHW ,U1301,A1238,tHW ,U1301
A1239, ,---,A1239, ,---
U1240, ,---,U1240, ,---
G1241,cSS ,A1238,G1241,cSS ,A1238
G1241,cWW ,C1296,G1241,cWW ,C1296
C1242,cWW ,G1295,G1242,cWW ,U1295
C1243,cWW ,G1294,C1243,cWW ,G1294
C1244,cWW ,G1293,G1244,cWW ,C1293
A1245,cWW ,U1292,C1245,cWW ,G1292
C1246,cWW ,G1291,A1246,cWW ,U1291
U1247,cWW ,G1290,U1247,cWW ,G1290
A1248,tWH ,A1289,A1248,tWH ,A1289
C1249,tWH ,A1288,C1249,tWH ,A1288
A1250, ,---,A1250, ,---
A1251,tSS ,C1354,A1251,ntSS,U1354
A1252,tWW ,A1285,A1252,tWW ,A1285
G1253,cWW ,C1284,G1253,cWW ,C1284
C1254,cWW ,G1283,A1254,cWW ,U1283
G1255,cSS ,G1258,G1255,ncSS,G1258
G1255,cWW ,C1282,G1255,cWW ,C1282
A1256, ,---,---, ,---
U1257, ,---,---, ,---
---, ,---,A1256, ,---
---, ,---,A1257, ,---
G1258,cSS ,G1255,G1258,ncSS,G1255
G1258,cWW ,C1277,G1258,cWW ,C1277
C1259,cWW ,G1276,C1259,cWW ,G1276
C1260,cWW ,G1274,G1260,s33 ,A1274
C1260,ncSW,A1275,G1260,tSH ,A1275
A1261,tHS ,G1274,A1261,tHS ,A1274
C1262,cWW ,G1273,C1262,bif ,C1273
C1263,cWW ,G1272,C1263,cWW ,G1272
C1264,cWW ,G1271,U1264,cWW ,A1271
G1265,cWW ,C1270,C1265,cWW ,G1270
G1266, ,---,G1266, ,---
C1267, ,---,C1267, ,---
A1268,cSS ,C1326,G1268,cSS ,U1326
A1269,tSS ,G1312,A1269,tSS ,G1312
A1269,cSS ,C1325,A1269,cSS ,C1325
C1270,cWW ,G1265,G1270,cWW ,C1265
G1271,cWW ,C1264,A1271,cWW ,U1264
G1272,cWW ,C1263,G1272,cWW ,C1263
G1273,cWW ,C1262,C1273,bif ,C1262
G1274,cWW ,C1260,A1274,s33 ,G1260
G1274,tSH ,A1261,A1274,tSH ,A1261
A1275,ncWS,C1260,A1275,tHS ,G1260
G1276,cWW ,C1259,G1276,cWW ,C1259
C1277,cWW ,G1258,C1277,cWW ,G1258
C1277, ,---,C1277,cSS ,G1279
U1278, ,---,---, ,---
A1279, ,---,---, ,---
---, ,---,G1278, ,---
---, ,C1277,G1279,cSS ,C1277
A1280,cWS ,C1149,A1280,cWS ,C1149
A1280, ,---,A1280,cHW ,U1125
U1281, ,---,C1281, ,---
C1282,cWW ,G1255,C1282,cWW ,G1255
G1283,cWW ,C1254,U1283,cWW ,A1254
C1284,cWW ,G1253,C1284,cWW ,G1253
A1285,tWW ,A1252,A1285,tWW ,A1252
A1286, ,---,---, ,---
---, ,---,U1286, ,---
A1287, ,---,A1287, ,---
A1288,tHW ,C1249,A1288,tHW ,C1249
A1289,tHW ,A1248,A1289,tHW ,A1248
G1290,cWW ,U1247,G1290,cWW ,U1247
G1291,cWW ,C1246,U1291,cWW ,A1246
U1292,cWW ,A1245,G1292,cWW ,C1245
G1293,cWW ,C1244,C1293,cWW ,G1244
G1294,cWW ,C1243,G1294,cWW ,C1243
G1295,cWW ,C1242,U1295,cWW ,G1242
C1296,cWW ,G1241,C1296,cWW ,G1241
C1297, ,---,G1297, ,---
C1298, ,---,U1298, ,---
A1299, ,---,A1299, ,---
G1300,cSH ,U1301,G1300,cSH ,U1301
U1301,tWH ,A1238,U1301,tWH ,A1238
U1301,cHS ,G1300,U1301,cHS ,G1300
U1302, ,---,---, ,---
---, ,---,C1302, ,---
C1303,cWW ,G1334,C1303,cWW ,G1334
G1304,tSH ,A1333,G1304,tSH ,A1333
G1305,tSH ,A1332,G1305,tSH ,A1332
A1306,tHS ,G1331,A1306,tHS ,G1331
U1307,cWW ,U1330,U1307,cWW ,U1330
U1308,cWW ,A1329,U1308,cWW ,A1329
G1309,cWW ,C1328,G1309,cWW ,C1328
G1310,cWW ,C1327,G1310,cWW ,C1327
G1311,cWW ,C1326,A1311,cWW ,U1326
G1312,tSS ,A1269,G1312,tSS ,A1269
G1312,cWW ,C1325,G1312,cWW ,C1325
U1313,cWW ,A1324,U1313,cWW ,A1324
C1314,cWW ,G1323,C1314,cWW ,G1323
U1315,tWH ,A1319,U1315,tWH ,A1319
U1315,cSS ,A1360,U1315,cSS ,A1360
G1316,tSW ,A978,G1316,ntSW,A978
C1317, ,---,C1317, ,---
A1318, ,---,A1318, ,---
A1319,tHW ,U1315,A1319,tHW ,U1315
A1319,tWS ,G1361,A1319,tWS ,G1361
C1320, ,---,C1320, ,---
C1321, ,---,U1321, ,---
C1322, ,---,---, ,---
---, ,---,C1322, ,---
G1323,cWW ,C1314,G1323,cWW ,C1314
A1324,cWW ,U1313,A1324,cWW ,U1313
C1325,cSS ,A1269,C1325,cSS ,A1269
C1325,cWW ,G1312,C1325,cWW ,G1312
C1326,cSS ,A1268,U1326,cSS ,G1268
C1326,cWW ,G1311,U1326,cWW ,A1311
C1327,cWW ,G1310,C1327,cWW ,G1310
C1328,cWW ,G1309,C1328,cWW ,G1309
A1329,cWW ,U1308,A1329,cWW ,U1308
U1330,cWW ,U1307,U1330,cWW ,U1307
G1331,tSH ,A1306,G1331,tSH ,A1306
A1332,tHS ,G1305,A1332,tHS ,G1305
A1333,cSS ,A946,A1333,cSS ,A946
A1333,tHS ,G1304,A1333,tHS ,G1304
G1334,cWW ,C1303,G1334,cWW ,C1303
C1335, ,---,U1335, ,---
C1336, ,---,C1336, ,---
G1337,cWW ,C1237,G1337,cWW ,C1237
G1338, ,---,G1338, ,---
A1339,tHS ,G944,A1339,tHS ,G944
A1340,cWW ,U943,A1340,cWW ,U943
U1341,cWW ,G942,U1341,cWW ,G942
C1342,cWW ,G941,C1342,cWW ,G941
G1343,cWW ,C940,G1343,cWW ,C940
C1344,cWW ,G939,C1344,cWW ,G939
U1345, ,---,U1345, ,---
A1346,tHH ,A1375,A1346,tHH ,A1375
G1347,cSH ,U1348,G1347,cSH ,U1348
U1348,cHS ,G1347,U1348,cHS ,G1347
U1348,tWH ,A1374,U1348,tWH ,A1374
A1349,tHS ,G1373,A1349,tHS ,G1373
A1350,cWW ,U1372,A1350,cWW ,U1372
U1351,cWW ,G1371,U1351,cWW ,G1371
C1352,cWW ,G1370,C1352,cWW ,G1370
G1353,cWW ,C1369,G1353,cWW ,C1369
C1354,tSS ,A1251,U1354,ntSS,A1251
C1354,cWW ,G1368,U1354,cWW ,A1368
G1355,cWW ,C1367,G1355,cWW ,C1367
G1356,cWW ,C1366,G1356,cWW ,C1366
A1357,cWW ,G1365,A1357,cWW ,G1365
U1358,tWW ,A1363,U1358,tWW ,A1363
C1359, ,---,C1359, ,---
A1360,tWH ,A978,A1360,ntWH,A978
A1360,cSS ,U1315,A1360,cSS ,U1315
G1361,tSW ,A1319,G1361,tSW ,A1319
C1361A, ,---,---, ,---
C1362,ncWW,G1224,A1362,cWW ,U1224
A1363,tWW ,U1358,A1363,tWW ,U1358
U1364,cSS ,G1233,U1364,ncSS,G1233
G1365,cWW ,A1357,G1365,cWW ,A1357
C1366,cWW ,G1356,C1366,cWW ,G1356
C1367,cWW ,G1355,C1367,cWW ,G1355
G1368,cWW ,C1354,A1368,cWW ,U1354
C1369,cWW ,G1353,C1369,cWW ,G1353
G1370,cWW ,C1352,G1370,cWW ,C1352
G1371,cWW ,U1351,G1371,cWW ,U1351
U1372,cWW ,A1350,U1372,cWW ,A1350
G1373,tSH ,A1349,G1373,tSH ,A1349
A1374,tHW ,U1348,A1374,tHW ,U1348
A1375,cSS ,G939,A1375,cSS ,G939
A1375,tHH ,A1346,A1375,tHH ,A1346
U1376,cSS ,A938,U1376,cSS ,A938
A1377, ,---,A1377, ,---
C1378,tHS ,A937,C1378,ntHS,A937
G1379,cWW ,C936,G1379,cWW ,C936
U1380,cWW ,A935,U1380,cWW ,A935
U1381, ,---,U1381, ,---
C1382, ,---,C1382, ,---
C1383,cWS ,A935,C1383,cWS ,A935
C1384,cWW ,G933,C1384,cWW ,G933
G1385,cWW ,C932,G1385,cWW ,C932
G1386,cWW ,C931,G1386,cWW ,C931
G1387,cWW ,C930,G1387,cWW ,C930
C1388,cWW ,G929,C1388,cWW ,G929
C1389,cWW ,G928,C1389,cWW ,G928
U1390,cWW ,G927,U1390,cWW ,G927
U1391,cWW ,G925,U1391,cWW ,G925
G1392,cWW ,C924,G1392,cWW ,C924
U1393,cWW ,A923,U1393,cWW ,A923
A1394, ,---,A1394, ,---
C1395,cWW ,G922,C1395,cWW ,G922
C1395,cSS ,A1398,C1395,cSS ,A1398
A1396,cWW ,U921,A1396,cWW ,U921
C1397, ,---,C1397, ,---
A1398,tSS ,G922,A1398,tSS ,G922
A1398,cSS ,C1395,A1398,cSS ,C1395
C1399,cWW ,G1504,C1399,cWW ,G1504
C1400, ,---,---, ,---
---, ,---,C1400, ,---
G1401,cWW ,C1501,G1401,cWW ,C1501
C1402,cWW ,A1500,C1402,ncWW,A1500
C1403,cSW ,A1499,C1403,cSW ,A1499
C1404,cWW ,G1497,C1404,cWW ,G1497
C1404,cSS ,A1519,C1404,ncSS,A1519
G1405,cWW ,C1496,G1405,cWW ,C1496
G1405,ncSS,A1518,G1405,cSS ,A1518
U1406,cWW ,U1495,U1406,ntHW,U1495
C1407,cWW ,G1494,C1407,cWW ,G1494
A1408, ,---,A1408, ,---
C1409,cWW ,G1491,C1409,ncWW,G1491
G1410,cWW ,C1490,A1410,cWW ,U1490
C1411,cWW ,G1489,C1411,cWW ,G1489
C1412,cWW ,G1488,C1412,cWW ,G1488
A1413,cSS ,A909,A1413,cSS ,A909
A1413,cWW ,G1487,A1413,cWW ,G1487
U1414,cWW ,G1486,U1414,cWW ,G1486
G1415,cWW ,U1485,G1415,cWW ,U1485
G1416,cWW ,C1484,G1416,cWW ,C1484
G1417,tSH ,A1483,G1417,tSH ,A1483
A1418,tHS ,G1482,A1418,tHS ,G1482
G1419,cWW ,U1481,G1419,cWW ,U1481
C1420,cWW ,G1480,U1420,cWW ,A1480
G1421,cWW ,C1479,G1421,cWW ,C1479
G1422,cWW ,C1478,G1422,cWW ,U1478
G1423,cWW ,C1477,G1423,cWW ,U1477
C1424,cWW ,G1476,U1424,cWW ,A1476
U1425,cWW ,G1475,U1425,cWW ,G1475
C1426,cWW ,G1474,G1426,cWW ,U1474
U1427,cWW ,A1473,C1427,cWW ,G1473
A1428,cWW ,U1472,A1428,cWW ,U1472
C1429,cWW ,G1471,A1429,cWW ,U1471
C1430,cWW ,G1470,A1430,cWW ,U1470
C1431,cWW ,G1469,A1431,tSH ,C1469
G1432,tSH ,A1468,G1432,tSH ,A1468
A1433,cSS ,C335,A1433,ncSS,C335
A1433,ntHS,G1467,A1433,tHS ,C1467
A1434,tSS ,G319,A1434,---- ,G319
A1434,cSS ,C334,A1434,ncSS,C334
A1434,tHS ,G1467,A1434,nbif,C1467
G1435,cWW ,C1466,G1435,cWW ,C1466
U1436,cWW ,C1465,U1436,cWW ,A1465
C1437,cWW ,G1464,A1437,cWW ,U1464
G1438,cWW ,C1463,G1438,cWW ,U1463
C1439,cWW ,G1462,G1439,cWW ,C1462
C1440,cWW ,G1461,U1440,cWW ,G1461
G1441,tSH ,A1460,---, ,G1457
G1442, ,---,---, ,---
G1443, ,---,---, ,---
A1446, ,---,---, ,---
G1447,cWW ,C1459,---, ,A1456
---, ,G1461,A1441,tHS ,G1461
---, ,---,G1442,cWW ,C1460
---, ,---,C1443,cWW ,G1459
---, ,---,U1444,cWW ,G1458
---, ,A1460,U1445,cWW ,G1457
---, ,G148,A1446,cSS ,G148
---, ,C175,A1447,tSS ,C175
C1448,cWW ,G1455,C1448,cWW ,G1455
C1449,cWW ,G1454,C1449,cWW ,G1454
U1450,tSW ,G1453,U1450,tSW ,G1453
A1451, ,---,U1451, ,---
C1452, ,---,C1452, ,---
G1453,tWS ,U1450,G1453,tWS ,U1450
G1454,cWW ,C1449,G1454,cWW ,C1449
G1455,cWW ,C1448,G1455,cWW ,C1448
C1459,cWW ,G1447,A1456, ,---
A1460,tHS ,G1441,G1457, ,---
A1460, ,---,G1457,cWW ,U1445
---, ,---,G1458,cWW ,U1444
---, ,---,G1459,cWW ,C1443
---, ,---,C1460,cWW ,G1442
G1461,cWW ,C1440,G1461,cWW ,U1440
G1461, ,---,G1461,tSH ,A1441
G1462,cWW ,C1439,C1462,cWW ,G1439
C1463,cWW ,G1438,U1463,cWW ,G1438
G1464,cWW ,C1437,U1464,cWW ,A1437
C1465,cWW ,U1436,A1465,cWW ,U1436
C1466,cWW ,G1435,C1466,cWW ,G1435
G1467,tSH ,A1434,C1467,nbif,A1434
G1467,ntSH,A1433,C1467,tSH ,A1433
A1468,tHS ,G1432,A1468,tHS ,G1432
G1469,cWW ,C1431,C1469,tHS ,A1431
G1470,cWW ,C1430,U1470,cWW ,A1430
G1471,cWW ,C1429,U1471,cWW ,A1429
U1472,cWW ,A1428,U1472,cWW ,A1428
A1473,cWW ,U1427,G1473,cWW ,C1427
G1474,cWW ,C1426,U1474,cWW ,G1426
G1475,cWW ,U1425,G1475,cWW ,U1425
G1476,cWW ,C1424,A1476,cWW ,U1424
C1477,cWW ,G1423,U1477,cWW ,G1423
C1478,cWW ,G1422,U1478,cWW ,G1422
C1479,cWW ,G1421,C1479,cWW ,G1421
G1480,cWW ,C1420,A1480,cWW ,U1420
U1481,cWW ,G1419,U1481,cWW ,G1419
G1482,tSH ,A1418,G1482,tSH ,A1418
A1483,tHS ,G1417,A1483,tHS ,G1417
C1484,cWW ,G1416,C1484,cWW ,G1416
U1485,cWW ,G1415,U1485,cWW ,G1415
G1486,cWW ,U1414,G1486,cWW ,U1414
G1487,cWW ,A1413,G1487,cWW ,A1413
G1488,cWW ,C1412,G1488,cWW ,C1412
G1489,cWW ,C1411,G1489,cWW ,C1411
C1490,cWW ,G1410,U1490,cWW ,A1410
G1491,cWW ,C1409,G1491,ncWW,C1409
A1492, ,---,---, ,---
A1493, ,---,A1492, ,---
---, ,---,A1493, ,---
G1494,cWW ,C1407,G1494,cWW ,C1407
U1495,cWW ,U1406,U1495,ntWH,U1406
C1496,cWW ,G1405,C1496,cWW ,G1405
G1497,cWW ,C1404,G1497,cWW ,C1404
U1498, ,---,U1498, ,---
A1499,cWS ,C1403,A1499,cWS ,C1403
A1500,cWW ,C1402,A1500,ncWW,C1402
C1501,cWW ,G1401,C1501,cWW ,G1401
A1502, ,---,---, ,---
---, ,C924,A1502,tSS ,C924
A1503, ,---,A1503, ,---
G1504,cWW ,C1399,G1504,cWW ,C1399
G1505, ,---,G1505, ,---
U1506, ,---,U1506, ,---
A1507,cWW ,U1528,A1507,cWW ,U1528
G1508,cWW ,C1527,A1508,cWW ,U1527
C1509,cWW ,G1526,C1509,cWW ,G1526
U1510,cWW ,G1525,C1510,cWW ,G1525
G1511,tSS ,A767,G1511,tSS ,A767
G1511,cSS ,U813,G1511,cSS ,U813
G1511,cWW ,C1524,G1511,cWW ,C1524
U1512,cWW ,G1523,U1512,cWW ,G1523
A1513,cWW ,U1522,A1513,cWW ,U1522
C1514,cWW ,G1521,G1514,cWW ,C1521
C1515,cWW ,G1520,G1515,cWW ,C1520
G1516, ,---,G1516, ,---
G1517, ,---,G1517, ,---
A1518,ncSS,G1405,A1518,cSS ,G1405
A1519,cSS ,C1404,A1519,ncSS,C1404
G1520,cWW ,C1515,C1520,cWW ,G1515
G1521,cWW ,C1514,C1521,cWW ,G1514
U1522,cWW ,A1513,U1522,cWW ,A1513
G1523,cWW ,U1512,G1523,cWW ,U1512
C1524,cSS ,A767,C1524,cSS ,A767
C1524,cWW ,G1511,C1524,cWW ,G1511
G1525,cWW ,U1510,G1525,cWW ,C1510
G1526,cWW ,C1509,G1526,cWW ,C1509
C1527,cWW ,G1508,U1527,cWW ,A1508
U1528,cWW ,A1507,U1528,cWW ,A1507
G1529,cWW ,C817,G1529,cWW ,C817
G1530, ,---,G1530, ,---
A1531, ,---,A1531, ,---
U1532, ,---,U1532, ,---
C1533, ,---,---, ,---
A1534, ,---,---, ,---
C1539, ,---,---, ,---
U1540, ,---,---, ,---
U1541, ,---,---, ,---
U1542, ,---,---, ,---
C1543, ,---,---, ,---
U1544, ,---,---, ,---
---, ,---,C1533, ,---
---, ,---,A1534, ,---
